rgn_id,value
1,0.1248563869856298
2,0.1381806456949562
3,0.09242757381871343
4,0.11810431685298682
5,0.03331838292069733
6,0.015351080615073443
7,0.05312906480394304
8,0.13488127924501897
9,0.19747656635008753
10,0.09116145288571716
11,0.005801354395225645
12,0.049826779123395684
14,0.08426701608113946
15,0.12713540494441986
16,0.018586182966828346
17,0.0902348236180842
